chat_copy_message	复制
chatvm_model_blank	模型名称不能为空
chatvm_model_custom_unsupported	自定义端点的模型请在「设置 → 服务商」中修改
chatvm_model_set_failed	切换模型失败：%1$s
ctxchip_open_viewer	查看上下文详情
ctxchip_unavailable	上下文 —
ctxchip_used	上下文 %1$s / %2$s（%3$d%%）
ctxchip_used_no_limit	上下文 ≈%1$s
ctxsheet_message_count	%1$d 条上下文消息 · 命中 %2$d 条世界书
ctxsheet_open_full	查看完整上下文
ctxsheet_title	上下文用量
ctxsheet_warnings	有 %1$d 条组装警告，建议查看完整上下文
model_picker_apply	应用
model_picker_current	当前模型
model_picker_custom_hint	自定义端点的模型需在「设置 → 服务商」中修改
model_picker_manual	手动输入模型名
model_picker_no_match	没有匹配的模型，可在下方手动输入
model_picker_search	搜索模型…
model_picker_title	选择模型
setapp_accent_ink	墨色蓝
setappctl_accent_ink	墨色蓝
ui_world_count_filtered	%1$d / %2$d 本世界书
usage_stats_30d	近 30 日
usage_stats_7d	近 7 日
usage_stats_active_days	活跃天数
usage_stats_activity	Token 活动
usage_stats_activity_hint	颜色越亮表示当天使用量越高
usage_stats_daily_trend	每日 Token 趋势
usage_stats_entry_hint	查看 Token 活动、每日趋势和模型用量
usage_stats_error	读取使用统计失败
usage_stats_lifetime	累计
usage_stats_model_detail	%1$s · %2$d 次调用
usage_stats_model_usage	模型用量
usage_stats_no_data	暂无统计数据
usage_stats_peak_tokens	单次峰值
usage_stats_refresh	刷新使用统计
usage_stats_requests	调用次数
usage_stats_retry	重试
usage_stats_streak	当前连续天数
usage_stats_title	使用统计
usage_stats_total_tokens	累计 Token
wblist_clear_filters	清除搜索和筛选
wblist_filter_all	全部
wblist_filter_disabled	已停用
wblist_filter_enabled	已启用
wblist_no_match	没有匹配的世界书
wblist_search_cd	搜索世界书
wblist_search_close	关闭搜索
wblist_search_hint	搜索世界书名称
